/*Insert value name on api_department table*/
insert into api_department (name) values ('Antioquia');
insert into api_department (name) values ('Cordoba');
insert into api_department (name) values ('Meta');
insert into api_department (name) values ('Boyaca');
insert into api_department (name) values ('Huila');
insert into api_department (name) values ('Caldas');
insert into api_department (name) values ('Norte de Santander');
insert into api_department (name) values ('Risaralda');
insert into api_department (name) values ('Santander');
insert into api_department (name) values ('Tolima');
insert into api_department (name) values ('Cundinamarca');
insert into api_department (name) values ('Quindio');
insert into api_department (name) values ('Caldas');




/*Insert value name, iddepartment_id on api_city table*/
insert into api_city (name, iddepartment_id) values ('Santa Isabel', 10);
insert into api_city (name, iddepartment_id) values ('Cajamarca', 10);
insert into api_city (name, iddepartment_id) values ('Murillo', 10);
insert into api_city (name, iddepartment_id) values ('Mariquita', 10);
insert into api_city (name, iddepartment_id) values ('Ibague', 10);
insert into api_city (name, iddepartment_id) values ('Anzoategui', 10);
insert into api_city (name, iddepartment_id) values ('Chaparral', 10);
insert into api_city (name, iddepartment_id) values ('Falam', 10);
insert into api_city (name, iddepartment_id) values ('San Luis', 10);
insert into api_city (name, iddepartment_id) values ('Prado', 10);
insert into api_city (name, iddepartment_id) values ('Roncesvalles', 10);
insert into api_city (name, iddepartment_id) values ('Jardin', 1);
insert into api_city (name, iddepartment_id) values ('Andes', 1);
insert into api_city (name, iddepartment_id) values ('Gámbita', 9);
insert into api_city (name, iddepartment_id) values ('Florián', 9);
insert into api_city (name, iddepartment_id) values ('San Vicente de Chucurí', 9);
insert into api_city (name, iddepartment_id) values ('Mogotes', 9);
insert into api_city (name, iddepartment_id) values ('El Playón', 9);
insert into api_city (name, iddepartment_id) values ('Santa Rosa de Cabal', 8);
insert into api_city (name, iddepartment_id) values ('Pereira', 8);
insert into api_city (name, iddepartment_id) values ('Quimbaya', 8);
insert into api_city (name, iddepartment_id) values ('Armenia', 12);
insert into api_city (name, iddepartment_id) values ('Calarcá', 12);
insert into api_city (name, iddepartment_id) values ('Chitagá', 7);
insert into api_city (name, iddepartment_id) values ('Cácota', 7);
insert into api_city (name, iddepartment_id) values ('Mutiscua', 7);
insert into api_city (name, iddepartment_id) values ('Cucutilla', 7);
insert into api_city (name, iddepartment_id) values ('Arboledas', 7);
insert into api_city (name, iddepartment_id) values ('Acevedo', 5);
insert into api_city (name, iddepartment_id) values ('Páez', 5);
insert into api_city (name, iddepartment_id) values ('Neiva', 5);
insert into api_city (name, iddepartment_id) values ('Paicol', 5);
insert into api_city (name, iddepartment_id) values ('San Agustin.', 5);
insert into api_city (name, iddepartment_id) values ('Zipaquira', 11);
insert into api_city (name, iddepartment_id) values ('Guatavita', 11);
insert into api_city (name, iddepartment_id) values ('Suesca', 11);
insert into api_city (name, iddepartment_id) values ('Villeta', 11);
insert into api_city (name, iddepartment_id) values ('Facatativa', 11);
insert into api_city (name, iddepartment_id) values ('Manizales', 13);
insert into api_city (name, iddepartment_id) values ('San Felix', 13);
insert into api_city (name, iddepartment_id) values ('Pensilvania', 13);
insert into api_city (name, iddepartment_id) values ('Aguadas', 13);
insert into api_city (name, iddepartment_id) values ('Villamaría', 13);
insert into api_city (name, iddepartment_id) values ('Cocuy', 4);
insert into api_city (name, iddepartment_id) values ('Raquira', 4);
insert into api_city (name, iddepartment_id) values ('Arcabuco', 4);
insert into api_city (name, iddepartment_id) values ('Cerinza', 4);
insert into api_city (name, iddepartment_id) values ('Sogamoso', 4);







/*Insert values username, firts_name, last_name, is_owner, email, password, is_staff, is_active, is_superuser, data_joined on api_user table*/
insert into api_user (username, first_name, last_name, is_owner, email, password, is_staff, is_active, date_joined, is_superuser) values ('lickovici0', 'Lek', 'Ickovici', true, 'lickovici0@virginia.edu', 'SjJCbNB2', true, true, "2021-10-25T01:54:08.595096Z", true);
insert into api_user (username, first_name, last_name, is_owner, email, password, is_staff, is_active, date_joined, is_superuser) values ('ndesouza1', 'Norton', 'Desouza', false, 'ndesouza1@eventbrite.com', 'LzhTaSttBN0', true, true, "2021-10-25T01:54:08.595096Z", true);
insert into api_user (username, first_name, last_name, is_owner, email, password, is_staff, is_active, date_joined, is_superuser) values ('tpaskell2', 'Tiffany', 'Paskell', true, 'tpaskell2@cnn.com', 'rTgzBtgQQ7gA', true, true, "2021-10-25T01:54:08.595096Z", true);
insert into api_user (username, first_name, last_name, is_owner, email, password, is_staff, is_active, date_joined, is_superuser) values ('tgodby3', 'Torr', 'Godby', true, 'tgodby3@bravesites.com', 'Ck7zHGadx5', true, true, "2021-10-25T01:54:08.595096Z", true);
insert into api_user (username, first_name, last_name, is_owner, email, password, is_staff, is_active, date_joined, is_superuser) values ('rbroadbere4', 'Roland', 'Broadbere', true, 'rbroadbere4@1und1.de', '0sOqwbsQ', true, true, "2021-10-25T01:54:08.595096Z", true);
insert into api_user (username, first_name, last_name, is_owner, email, password, is_staff, is_active, date_joined, is_superuser) values ('cramsay5', 'Carlyn', 'Ramsay', false, 'cramsay5@imageshack.us', 'c24xnApTu', true, true, "2021-10-25T01:54:08.595096Z", true);
insert into api_user (username, first_name, last_name, is_owner, email, password, is_staff, is_active, date_joined, is_superuser) values ('rbinne6', 'Rollie', 'Binne', false, 'rbinne6@instagram.com', 'akROo8fbJF', true, true, "2021-10-25T01:54:08.595096Z", true);
insert into api_user (username, first_name, last_name, is_owner, email, password, is_staff, is_active, date_joined, is_superuser) values ('apowell8', 'Alford', 'Powell', true, 'apowell8@51.la', 'SA6MYHWEs', true, true, "2021-10-25T01:54:08.595096Z", true);
insert into api_user (username, first_name, last_name, is_owner, email, password, is_staff, is_active, date_joined, is_superuser) values ('mlindenboima', 'Madel', 'Lindenboim', true, 'mlindenboima@ted.com', 'oMOnJ08zVE', true, true, "2021-10-25T01:54:08.595096Z", true);
insert into api_user (username, first_name, last_name, is_owner, email, password, is_staff, is_active, date_joined, is_superuser) values ('zwarboysb', 'Zara', 'Warboys', true, 'zwarboysb@wikimedia.org', 'LxqCXKcL', true, true, "2021-10-25T01:54:08.595096Z", true);
insert into api_user (username, first_name, last_name, is_owner, email, password, is_staff, is_active, date_joined, is_superuser) values ('amonaghanc', 'Agatha', 'Monaghan', false, 'amonaghanc@smh.com.au', 'DsL9pnQ', true, true, "2021-10-25T01:54:08.595096Z", true);
insert into api_user (username, first_name, last_name, is_owner, email, password, is_staff, is_active, date_joined, is_superuser) values ('mduignand', 'Marianna', 'Duignan', true, 'mduignand@ted.com', 'fYa78MT', true, true, "2021-10-25T01:54:08.595096Z", true);
insert into api_user (username, first_name, last_name, is_owner, email, password, is_staff, is_active, date_joined, is_superuser) values ('lgoodanewe', 'Lancelot', 'Goodanew', true, 'lgoodanewe@liveinternet.ru', '31dOz2gZ4', true, true, "2021-10-25T01:54:08.595096Z", true);
insert into api_user (username, first_name, last_name, is_owner, email, password, is_staff, is_active, date_joined, is_superuser) values ('fpohling0', 'Floyd', 'Pohling', false, 'fpohling0@kickstarter.com', 'RvYVJVggk', false, true, "2021-10-25T01:54:08.595096Z", false);
insert into api_user (username, first_name, last_name, is_owner, email, password, is_staff, is_active, date_joined, is_superuser) values ('gmacrierie1', 'Gran', 'MacRierie', false, 'gmacrierie1@walmart.com', 'V8rvHslAeWhr', true, true, "2021-10-25T01:54:08.595096Z", true);
insert into api_user (username, first_name, last_name, is_owner, email, password, is_staff, is_active, date_joined, is_superuser) values ('mdowson2', 'Milicent', 'Dowson', true, 'mdowson2@behance.net', 'gH3nKM', false, true, "2021-10-25T01:54:08.595096Z", false);
insert into api_user (username, first_name, last_name, is_owner, email, password, is_staff, is_active, date_joined, is_superuser) values ('bmacken3', 'Becki', 'Macken', true, 'bmacken3@kickstarter.com', 'J0kCZs', false, false, "2021-10-25T01:54:08.595096Z", false);
insert into api_user (username, first_name, last_name, is_owner, email, password, is_staff, is_active, date_joined, is_superuser) values ('jlackinton4', 'Jeremie', 'Lackinton', true, 'jlackinton4@github.com', 'w4SDPK1Hg', false, false, "2021-10-25T01:54:08.595096Z", false);
insert into api_user (username, first_name, last_name, is_owner, email, password, is_staff, is_active, date_joined, is_superuser) values ('eickovitz5', 'Ermentrude', 'Ickovitz', true, 'eickovitz5@seattletimes.com', 'Ky4yc1l', true, true, "2021-10-25T01:54:08.595096Z", false);
insert into api_user (username, first_name, last_name, is_owner, email, password, is_staff, is_active, date_joined, is_superuser) values ('ofenner6', 'Otto', 'Fenner', true, 'ofenner6@kickstarter.com', 'j3mWreS', false, true, "2021-10-25T01:54:08.595096Z", true);
insert into api_user (username, first_name, last_name, is_owner, email, password, is_staff, is_active, date_joined, is_superuser) values ('vemm7', 'Valerye', 'Emm', true, 'vemm7@cloudflare.com', 'hiNo2z3sUU', true, false, "2021-10-25T01:54:08.595096Z", false);
insert into api_user (username, first_name, last_name, is_owner, email, password, is_staff, is_active, date_joined, is_superuser) values ('btaberner8', 'Budd', 'Taberner', true, 'btaberner8@indiatimes.com', 'i5vqm7yOAwQX', false, false, "2021-10-25T01:54:08.595096Z", false);
insert into api_user (username, first_name, last_name, is_owner, email, password, is_staff, is_active, date_joined, is_superuser) values ('prentoll9', 'Paxon', 'Rentoll', true, 'prentoll9@cnet.com', 'Sf7vkHynv', false, false, "2021-10-25T01:54:08.595096Z", true);
insert into api_user (username, first_name, last_name, is_owner, email, password, is_staff, is_active, date_joined, is_superuser) values ('mgainea', 'Margery', 'Gaine', true, 'mgainea@mapquest.com', '6KCzIpT', false, true, "2021-10-25T01:54:08.595096Z", true);
insert into api_user (username, first_name, last_name, is_owner, email, password, is_staff, is_active, date_joined, is_superuser) values ('jclohessyb', 'Joyce', 'Clohessy', false, 'jclohessyb@yelp.com', 'B8x7wi', false, true, "2021-10-25T01:54:08.595096Z", true);
insert into api_user (username, first_name, last_name, is_owner, email, password, is_staff, is_active, date_joined, is_superuser) values ('gmarrowc', 'Giacomo', 'Marrow', true, 'gmarrowc@bigcartel.com', 'W5dxG1b', false, true, "2021-10-25T01:54:08.595096Z", false);
insert into api_user (username, first_name, last_name, is_owner, email, password, is_staff, is_active, date_joined, is_superuser) values ('sdesouzad', 'Scotty', 'Desouza', true, 'sdesouzad@exblog.jp', 'lvfdW6', true, false, "2021-10-25T01:54:08.595096Z", true);
insert into api_user (username, first_name, last_name, is_owner, email, password, is_staff, is_active, date_joined, is_superuser) values ('ggolagleye', 'Guglielmo', 'Golagley', true, 'ggolagleye@sciencedaily.com', 't0wdDtcEizm', false, true, "2021-10-25T01:54:08.595096Z", false);
insert into api_user (username, first_name, last_name, is_owner, email, password, is_staff, is_active, date_joined, is_superuser) values ('jdungeyf', 'Joletta', 'Dungey', true, 'jdungeyf@sakura.ne.jp', 'qd22v2olE', false, true, "2021-10-25T01:54:08.595096Z", true);
insert into api_user (username, first_name, last_name, is_owner, email, password, is_staff, is_active, date_joined, is_superuser) values ('lmacgillicuddyg', 'Laurel', 'MacGillicuddy', false, 'lmacgillicuddyg@chron.com', 'ZFBItGPiKl', true, false, "2021-10-25T01:54:08.595096Z", false);
insert into api_user (username, first_name, last_name, is_owner, email, password, is_staff, is_active, date_joined, is_superuser) values ('mswetmoreh', 'Merry', 'Swetmore', true, 'mswetmoreh@people.com.cn', 'p7JD6a', true, false, "2021-10-25T01:54:08.595096Z", false);
insert into api_user (username, first_name, last_name, is_owner, email, password, is_staff, is_active, date_joined, is_superuser) values ('hloadsi', 'Hernando', 'Loads', true, 'hloadsi@cloudflare.com', 'CH9QYzAYuSIX', true, false, "2021-10-25T01:54:08.595096Z", false);
insert into api_user (username, first_name, last_name, is_owner, email, password, is_staff, is_active, date_joined, is_superuser) values ('ttudbaldj', 'Taddeo', 'Tudbald', false, 'ttudbaldj@noaa.gov', 'vbwJBQ0sGW', true, false, "2021-10-25T01:54:08.595096Z", false);
insert into api_user (username, first_name, last_name, is_owner, email, password, is_staff, is_active, date_joined, is_superuser) values ('bhabbink', 'Birgit', 'Habbin', false, 'bhabbink@sina.com.cn', 'cTwGved9mK', false, false, "2021-10-25T01:54:08.595096Z", true);
insert into api_user (username, first_name, last_name, is_owner, email, password, is_staff, is_active, date_joined, is_superuser) values ('kcornthwaitel', 'Kim', 'Cornthwaite', true, 'kcornthwaitel@nsw.gov.au', 'mNL4QWhKN', false, false, "2021-10-25T01:54:08.595096Z", false);
insert into api_user (username, first_name, last_name, is_owner, email, password, is_staff, is_active, date_joined, is_superuser) values ('dsilmonm', 'Daphna', 'Silmon', false, 'dsilmonm@xing.com', 'Ob5MiCS', false, false, "2021-10-25T01:54:08.595096Z", true);
insert into api_user (username, first_name, last_name, is_owner, email, password, is_staff, is_active, date_joined, is_superuser) values ('bblythen', 'Bob', 'Blythe', false, 'bblythen@istockphoto.com', '6fKi8x', false, false, "2021-10-25T01:54:08.595096Z", true);
insert into api_user (username, first_name, last_name, is_owner, email, password, is_staff, is_active, date_joined, is_superuser) values ('kgawthorpeo', 'Kennith', 'Gawthorpe', false, 'kgawthorpeo@admin.ch', '8ADI9KU9', false, false, "2021-10-25T01:54:08.595096Z", false);
insert into api_user (username, first_name, last_name, is_owner, email, password, is_staff, is_active, date_joined, is_superuser) values ('jsarfatp', 'Jerrome', 'Sarfat', false, 'jsarfatp@usgs.gov', '0UGKy4', false, false, "2021-10-25T01:54:08.595096Z", false);
insert into api_user (username, first_name, last_name, is_owner, email, password, is_staff, is_active, date_joined, is_superuser) values ('rcatterillq', 'Raquel', 'Catterill', true, 'rcatterillq@umn.edu', 'w0cvCv6FgX', true, false, "2021-10-25T01:54:08.595096Z", true);
insert into api_user (username, first_name, last_name, is_owner, email, password, is_staff, is_active, date_joined, is_superuser) values ('gcurlingr', 'Griff', 'Curling', true, 'gcurlingr@ucla.edu', 'fESAwFTcjvKk', true, true, "2021-10-25T01:54:08.595096Z", false);
insert into api_user (username, first_name, last_name, is_owner, email, password, is_staff, is_active, date_joined, is_superuser) values ('tceries', 'Tally', 'Cerie', false, 'tceries@free.fr', 'kFLWdvQCznVk', true, false, "2021-10-25T01:54:08.595096Z", false);
insert into api_user (username, first_name, last_name, is_owner, email, password, is_staff, is_active, date_joined, is_superuser) values ('conealt', 'Clem', 'O''Neal', false, 'conealt@imageshack.us', 'WqbB7O1jIV', false, false, "2021-10-25T01:54:08.595096Z", false);
insert into api_user (username, first_name, last_name, is_owner, email, password, is_staff, is_active, date_joined, is_superuser) values ('rsaldler0', 'Romain', 'Saldler', false, 'rsaldler0@columbia.edu', '7EqCwetI', false, true, '2021-10-24 02:11:57', true);
insert into api_user (username, first_name, last_name, is_owner, email, password, is_staff, is_active, date_joined, is_superuser) values ('bliddington1', 'Bob', 'Liddington', true, 'bliddington1@php.net', 'q9fiUz4', true, false, '2020-10-29 12:43:04', false);
insert into api_user (username, first_name, last_name, is_owner, email, password, is_staff, is_active, date_joined, is_superuser) values ('dhellwing2', 'Desdemona', 'Hellwing', true, 'dhellwing2@booking.com', 's0Qpaayq97B5', false, false, '2021-09-25 21:07:40', true);
insert into api_user (username, first_name, last_name, is_owner, email, password, is_staff, is_active, date_joined, is_superuser) values ('fmariot3', 'Ferdinande', 'Mariot', false, 'fmariot3@fotki.com', 'KfOid3n1uZ', false, true, '2021-09-13 05:07:12', false);
insert into api_user (username, first_name, last_name, is_owner, email, password, is_staff, is_active, date_joined, is_superuser) values ('ssterley4', 'Shara', 'Sterley', false, 'ssterley4@prlog.org', 'Q2G7x1wsWtdM', false, false, '2020-12-08 13:12:06', true);
insert into api_user (username, first_name, last_name, is_owner, email, password, is_staff, is_active, date_joined, is_superuser) values ('lcheng5', 'Lucho', 'Cheng', true, 'lcheng5@squidoo.com', 'ud7Bub', false, true, '2021-01-24 02:18:22', true);
insert into api_user (username, first_name, last_name, is_owner, email, password, is_staff, is_active, date_joined, is_superuser) values ('fsille6', 'Frasco', 'Sille', true, 'fsille6@technorati.com', 'VvbtpIRo', true, true, '2020-11-09 03:09:14', true);
insert into api_user (username, first_name, last_name, is_owner, email, password, is_staff, is_active, date_joined, is_superuser) values ('wedinborough7', 'Webster', 'Edinborough', true, 'wedinborough7@craigslist.org', 'hVcHE6wv', true, false, '2021-08-20 22:17:11', true);
insert into api_user (username, first_name, last_name, is_owner, email, password, is_staff, is_active, date_joined, is_superuser) values ('sdoggerell8', 'Shawn', 'Doggerell', false, 'sdoggerell8@va.gov', 'aJKLFYWEA', false, true, '2021-02-23 15:15:36', true);
insert into api_user (username, first_name, last_name, is_owner, email, password, is_staff, is_active, date_joined, is_superuser) values ('amatthiesen9', 'Andriana', 'Matthiesen', false, 'amatthiesen9@examiner.com', '0yZp7fAqU', false, false, '2021-01-07 22:15:04', false);
insert into api_user (username, first_name, last_name, is_owner, email, password, is_staff, is_active, date_joined, is_superuser) values ('rkeymea', 'Rochette', 'Keyme', true, 'rkeymea@yahoo.com', 'ypwjz1EYOs', false, false, '2021-06-03 12:07:58', true);
insert into api_user (username, first_name, last_name, is_owner, email, password, is_staff, is_active, date_joined, is_superuser) values ('smacgillivrieb', 'Somerset', 'MacGillivrie', true, 'smacgillivrieb@google.com', 'LpiwYJXY', false, true, '2020-11-14 21:07:27', true);
insert into api_user (username, first_name, last_name, is_owner, email, password, is_staff, is_active, date_joined, is_superuser) values ('sspavinsc', 'Shannan', 'Spavins', false, 'sspavinsc@army.mil', 'bYAxuPW', true, false, '2021-01-29 10:48:48', true);
insert into api_user (username, first_name, last_name, is_owner, email, password, is_staff, is_active, date_joined, is_superuser) values ('segentand', 'Scarlett', 'Egentan', false, 'segentand@biblegateway.com', 'Qm2y0hsH', true, true, '2021-07-20 21:54:31', true);
insert into api_user (username, first_name, last_name, is_owner, email, password, is_staff, is_active, date_joined, is_superuser) values ('bterrene', 'Berget', 'Terren', true, 'bterrene@ucoz.com', 'mkhO2i', false, false, '2021-10-17 17:21:23', true);
insert into api_user (username, first_name, last_name, is_owner, email, password, is_staff, is_active, date_joined, is_superuser) values ('kaldissf', 'Kristofor', 'Aldiss', true, 'kaldissf@usa.gov', 'A199TxW3', false, true, '2021-03-01 09:49:01', true);
insert into api_user (username, first_name, last_name, is_owner, email, password, is_staff, is_active, date_joined, is_superuser) values ('cclewerg', 'Cassandre', 'Clewer', false, 'cclewerg@go.com', 'c9KIQETxQ3m', true, true, '2021-10-09 05:24:55', true);
insert into api_user (username, first_name, last_name, is_owner, email, password, is_staff, is_active, date_joined, is_superuser) values ('acromeh', 'Ammamaria', 'Crome', true, 'acromeh@sbwire.com', 'Hno8AliY9RK', true, true, '2021-05-18 12:25:44', true);
insert into api_user (username, first_name, last_name, is_owner, email, password, is_staff, is_active, date_joined, is_superuser) values ('fpaolicchii', 'Fredric', 'Paolicchi', true, 'fpaolicchii@slideshare.net', 'Tpahg2jJcmmw', false, false, '2021-02-16 17:40:25', true);
insert into api_user (username, first_name, last_name, is_owner, email, password, is_staff, is_active, date_joined, is_superuser) values ('ahawkeridgej', 'Analiese', 'Hawkeridge', true, 'ahawkeridgej@home.pl', 'Z7iTlhpO5Eh', false, false, '2021-04-13 04:31:09', true);
insert into api_user (username, first_name, last_name, is_owner, email, password, is_staff, is_active, date_joined, is_superuser) values ('gwildk', 'Guido', 'Wild', true, 'gwildk@diigo.com', 'oIhdwsPP', true, true, '2021-03-17 17:00:02', true);
insert into api_user (username, first_name, last_name, is_owner, email, password, is_staff, is_active, date_joined, is_superuser) values ('aghionil', 'Audra', 'Ghioni', true, 'aghionil@blogspot.com', 'nZUzG3JIiyLC', false, false, '2021-09-25 00:35:58', true);
insert into api_user (username, first_name, last_name, is_owner, email, password, is_staff, is_active, date_joined, is_superuser) values ('awhitfordm', 'Alfonso', 'Whitford', true, 'awhitfordm@ucsd.edu', 'mD9etBOwb', true, false, '2020-12-04 06:24:41', true);
insert into api_user (username, first_name, last_name, is_owner, email, password, is_staff, is_active, date_joined, is_superuser) values ('hwillfordn', 'Hamid', 'Willford', true, 'hwillfordn@hibu.com', 'z535mWxLHMlA', true, true, '2021-10-18 13:44:26', false);
insert into api_user (username, first_name, last_name, is_owner, email, password, is_staff, is_active, date_joined, is_superuser) values ('komoylano', 'Katleen', 'O''Moylan', true, 'komoylano@gravatar.com', 'CdUkFe1zp9Ig', false, false, '2021-04-22 05:03:22', false);
insert into api_user (username, first_name, last_name, is_owner, email, password, is_staff, is_active, date_joined, is_superuser) values ('jsillwoodp', 'Jorrie', 'Sillwood', true, 'jsillwoodp@twitter.com', 'LFphSYMibS', false, true, '2020-10-28 09:26:25', true);
insert into api_user (username, first_name, last_name, is_owner, email, password, is_staff, is_active, date_joined, is_superuser) values ('aspradberyq', 'Adriane', 'Spradbery', true, 'aspradberyq@pcworld.com', 'feXVLurR', true, true, '2021-08-13 20:32:03', true);
insert into api_user (username, first_name, last_name, is_owner, email, password, is_staff, is_active, date_joined, is_superuser) values ('whellikerr', 'Waylin', 'Helliker', false, 'whellikerr@addthis.com', 'dfoYrF', true, false, '2021-02-10 23:08:59', true);
insert into api_user (username, first_name, last_name, is_owner, email, password, is_staff, is_active, date_joined, is_superuser) values ('ctruemans', 'Conny', 'Trueman', false, 'ctruemans@comcast.net', 'J5V1Pfwid', false, false, '2020-12-08 00:06:51', true);
insert into api_user (username, first_name, last_name, is_owner, email, password, is_staff, is_active, date_joined, is_superuser) values ('cgasnollt', 'Craggie', 'Gasnoll', false, 'cgasnollt@bluehost.com', 'p6O1GYhcNxW', true, false, '2021-09-12 08:09:05', false);
insert into api_user (username, first_name, last_name, is_owner, email, password, is_staff, is_active, date_joined, is_superuser) values ('anormanellu', 'Avram', 'Normanell', true, 'anormanellu@salon.com', 'K1NP6ji4xh', false, false, '2021-01-18 22:26:04', false);
insert into api_user (username, first_name, last_name, is_owner, email, password, is_staff, is_active, date_joined, is_superuser) values ('clearyv', 'Cati', 'Leary', true, 'clearyv@bluehost.com', 'NJrdIG9', true, true, '2021-02-26 06:35:30', false);
insert into api_user (username, first_name, last_name, is_owner, email, password, is_staff, is_active, date_joined, is_superuser) values ('rskillw', 'Rakel', 'Skill', false, 'rskillw@elpais.com', 'IL0xyxFN6', false, false, '2021-09-11 04:36:46', false);
insert into api_user (username, first_name, last_name, is_owner, email, password, is_staff, is_active, date_joined, is_superuser) values ('dbootx', 'Dunn', 'Boot', false, 'dbootx@nba.com', 'k5Fn2v', false, true, '2021-01-02 03:26:27', false);
insert into api_user (username, first_name, last_name, is_owner, email, password, is_staff, is_active, date_joined, is_superuser) values ('sfishey', 'Sharlene', 'Fishe', false, 'sfishey@goodreads.com', 'twihkJ', true, false, '2021-06-21 13:00:13', true);
insert into api_user (username, first_name, last_name, is_owner, email, password, is_staff, is_active, date_joined, is_superuser) values ('kjoostz', 'Kelwin', 'Joost', true, 'kjoostz@constantcontact.com', 'VoQEsDGP', true, true, '2021-02-25 14:34:51', true);
insert into api_user (username, first_name, last_name, is_owner, email, password, is_staff, is_active, date_joined, is_superuser) values ('along10', 'Alleen', 'Long', true, 'along10@hubpages.com', '1X8V3asjF1', false, false, '2021-05-23 16:42:46', true);
insert into api_user (username, first_name, last_name, is_owner, email, password, is_staff, is_active, date_joined, is_superuser) values ('salexsandrowicz11', 'Skip', 'Alexsandrowicz', false, 'salexsandrowicz11@comsenz.com', 'YH8PRRXs3', false, true, '2021-04-13 15:12:33', true);
insert into api_user (username, first_name, last_name, is_owner, email, password, is_staff, is_active, date_joined, is_superuser) values ('aschrir12', 'Ardis', 'Schrir', true, 'aschrir12@sourceforge.net', 'Dm3AAO', false, false, '2020-12-28 20:40:31', false);
insert into api_user (username, first_name, last_name, is_owner, email, password, is_staff, is_active, date_joined, is_superuser) values ('hpiesold13', 'Hershel', 'Piesold', false, 'hpiesold13@drupal.org', '3EXEMl', true, false, '2020-11-11 15:59:21', false);
insert into api_user (username, first_name, last_name, is_owner, email, password, is_staff, is_active, date_joined, is_superuser) values ('tgaywood14', 'Tammie', 'Gaywood', false, 'tgaywood14@wix.com', 'xG2dcz9', false, false, '2020-12-12 17:41:45', false);
insert into api_user (username, first_name, last_name, is_owner, email, password, is_staff, is_active, date_joined, is_superuser) values ('sbiddiss15', 'Shayna', 'Biddiss', true, 'sbiddiss15@google.cn', 'KPyAVEsyC', false, false, '2021-01-09 12:14:20', false);
insert into api_user (username, first_name, last_name, is_owner, email, password, is_staff, is_active, date_joined, is_superuser) values ('rgrigsby16', 'Rollins', 'Grigsby', true, 'rgrigsby16@reddit.com', 'oBp8jMED', true, false, '2021-09-20 09:08:59', true);
insert into api_user (username, first_name, last_name, is_owner, email, password, is_staff, is_active, date_joined, is_superuser) values ('speacham17', 'Shayla', 'Peacham', true, 'speacham17@mit.edu', 'ewQMrKCV', false, true, '2021-06-12 19:29:02', true);
insert into api_user (username, first_name, last_name, is_owner, email, password, is_staff, is_active, date_joined, is_superuser) values ('ashercliff18', 'Ainsley', 'Shercliff', false, 'ashercliff18@mozilla.com', 'QfWC23Zm03j3', true, true, '2021-03-09 00:39:52', true);
insert into api_user (username, first_name, last_name, is_owner, email, password, is_staff, is_active, date_joined, is_superuser) values ('bbeecroft19', 'Bibbie', 'Beecroft', false, 'bbeecroft19@alibaba.com', '7nLhyWLvhsJ', false, true, '2021-05-19 21:41:14', true);
insert into api_user (username, first_name, last_name, is_owner, email, password, is_staff, is_active, date_joined, is_superuser) values ('acheater1a', 'Aurthur', 'Cheater', true, 'acheater1a@booking.com', 'BjUt4Cy6w', false, false, '2021-07-08 12:10:01', false);
insert into api_user (username, first_name, last_name, is_owner, email, password, is_staff, is_active, date_joined, is_superuser) values ('mmangenot1b', 'Myrwyn', 'Mangenot', true, 'mmangenot1b@freewebs.com', 'WtJJBre', false, false, '2021-02-28 05:44:01', false);
insert into api_user (username, first_name, last_name, is_owner, email, password, is_staff, is_active, date_joined, is_superuser) values ('gnatt1c', 'Gertruda', 'Natt', false, 'gnatt1c@alibaba.com', 'v2cDuS3wO', false, false, '2021-04-08 01:40:25', false);
insert into api_user (username, first_name, last_name, is_owner, email, password, is_staff, is_active, date_joined, is_superuser) values ('jhoyle1d', 'Jerrie', 'Hoyle', true, 'jhoyle1d@free.fr', 'Y5DYfJ3Eum', false, false, '2021-10-06 04:30:08', false);
insert into api_user (username, first_name, last_name, is_owner, email, password, is_staff, is_active, date_joined, is_superuser) values ('mfirebrace1e', 'Marybeth', 'Firebrace', true, 'mfirebrace1e@dedecms.com', 'p5w7QW', true, true, '2020-12-20 08:54:09', false);
insert into api_user (username, first_name, last_name, is_owner, email, password, is_staff, is_active, date_joined, is_superuser) values ('mreid1f', 'Malanie', 'Reid', false, 'mreid1f@sciencedirect.com', 'JfYP97jisxWo', true, false, '2021-03-22 04:35:52', true);
insert into api_user (username, first_name, last_name, is_owner, email, password, is_staff, is_active, date_joined, is_superuser) values ('ystutter1g', 'Yuri', 'Stutter', true, 'ystutter1g@cnet.com', '5bmSLpY', false, false, '2021-08-18 03:35:56', true);
insert into api_user (username, first_name, last_name, is_owner, email, password, is_staff, is_active, date_joined, is_superuser) values ('pstandishbrooks1h', 'Pace', 'Standish-Brooks', false, 'pstandishbrooks1h@fotki.com', 'miWdOHETY48', true, true, '2021-09-08 01:56:35', false);
insert into api_user (username, first_name, last_name, is_owner, email, password, is_staff, is_active, date_joined, is_superuser) values ('pcumine1i', 'Paulie', 'Cumine', true, 'pcumine1i@163.com', 'QEAQSq4f', true, true, '2020-12-02 18:25:50', true);
insert into api_user (username, first_name, last_name, is_owner, email, password, is_staff, is_active, date_joined, is_superuser) values ('jsouthwick1j', 'Jacky', 'Southwick', true, 'jsouthwick1j@google.pl', 'o6XoGu1', true, false, '2021-10-15 09:32:07', false);
insert into api_user (username, first_name, last_name, is_owner, email, password, is_staff, is_active, date_joined, is_superuser) values ('orysdale1k', 'Olva', 'Rysdale', true, 'orysdale1k@ebay.com', 'mMLyJ9', false, true, '2021-05-08 07:21:28', true);
insert into api_user (username, first_name, last_name, is_owner, email, password, is_staff, is_active, date_joined, is_superuser) values ('aseabright1l', 'Archaimbaud', 'Seabright', false, 'aseabright1l@gnu.org', '2XK2tTcv', false, false, '2021-07-23 09:15:21', true);
insert into api_user (username, first_name, last_name, is_owner, email, password, is_staff, is_active, date_joined, is_superuser) values ('yomeara1m', 'Yorgos', 'O''Meara', true, 'yomeara1m@reuters.com', 'PqiXYl1c', true, false, '2021-09-02 05:56:06', true);
insert into api_user (username, first_name, last_name, is_owner, email, password, is_staff, is_active, date_joined, is_superuser) values ('sringe1n', 'Sarge', 'Ringe', true, 'sringe1n@cmu.edu', 'zLgXMkMJ', false, false, '2021-10-15 05:42:11', true);
insert into api_user (username, first_name, last_name, is_owner, email, password, is_staff, is_active, date_joined, is_superuser) values ('cpreedy1o', 'Chrisse', 'Preedy', false, 'cpreedy1o@newyorker.com', 'GldSLA', true, true, '2021-01-03 20:50:38', false);
insert into api_user (username, first_name, last_name, is_owner, email, password, is_staff, is_active, date_joined, is_superuser) values ('lbartolic1p', 'Leanor', 'Bartolic', false, 'lbartolic1p@hatena.ne.jp', '3kp1tmJNFtd', true, true, '2021-02-08 01:05:56', false);
insert into api_user (username, first_name, last_name, is_owner, email, password, is_staff, is_active, date_joined, is_superuser) values ('shiley1q', 'Shelbi', 'Hiley', true, 'shiley1q@blogtalkradio.com', 'I0tEgAC', true, false, '2021-10-27 05:26:57', false);
insert into api_user (username, first_name, last_name, is_owner, email, password, is_staff, is_active, date_joined, is_superuser) values ('dlammerich1r', 'Drucill', 'Lammerich', true, 'dlammerich1r@dailymotion.com', 'rwdENpN', true, false, '2021-04-06 08:50:45', true);
insert into api_user (username, first_name, last_name, is_owner, email, password, is_staff, is_active, date_joined, is_superuser) values ('msheed1s', 'Meghann', 'Sheed', true, 'msheed1s@foxnews.com', 'e2KRezrvQyfU', true, true, '2021-06-11 14:09:02', false);
insert into api_user (username, first_name, last_name, is_owner, email, password, is_staff, is_active, date_joined, is_superuser) values ('clauret1t', 'Corrine', 'Lauret', true, 'clauret1t@vistaprint.com', 'iLwJDXMi1', false, true, '2021-06-10 05:13:48', true);
insert into api_user (username, first_name, last_name, is_owner, email, password, is_staff, is_active, date_joined, is_superuser) values ('jwhilder1u', 'Janaye', 'Whilder', false, 'jwhilder1u@tripod.com', 'OZARZ4aP5Y', true, true, '2020-11-29 15:06:38', true);
insert into api_user (username, first_name, last_name, is_owner, email, password, is_staff, is_active, date_joined, is_superuser) values ('afinnigan1v', 'Amata', 'Finnigan', true, 'afinnigan1v@nba.com', 'C6bd2WzV1', false, false, '2021-05-02 19:46:44', false);
insert into api_user (username, first_name, last_name, is_owner, email, password, is_staff, is_active, date_joined, is_superuser) values ('kriddich1w', 'Kristi', 'Riddich', true, 'kriddich1w@bbc.co.uk', 'gPUY0n75', false, true, '2021-04-28 23:00:55', true);
insert into api_user (username, first_name, last_name, is_owner, email, password, is_staff, is_active, date_joined, is_superuser) values ('awoltman1x', 'Alan', 'Woltman', true, 'awoltman1x@nydailynews.com', 'VAM3hhaREL', false, true, '2021-05-28 02:22:06', false);
insert into api_user (username, first_name, last_name, is_owner, email, password, is_staff, is_active, date_joined, is_superuser) values ('iboggish1y', 'Iggie', 'Boggish', false, 'iboggish1y@yale.edu', 'fO5gEQd16qm', true, true, '2021-06-08 12:04:44', true);
insert into api_user (username, first_name, last_name, is_owner, email, password, is_staff, is_active, date_joined, is_superuser) values ('bcosgry1z', 'Beverley', 'Cosgry', true, 'bcosgry1z@smh.com.au', '2s3ZEhRRip', false, true, '2021-04-04 09:40:34', false);
insert into api_user (username, first_name, last_name, is_owner, email, password, is_staff, is_active, date_joined, is_superuser) values ('fhartopp20', 'Fran', 'Hartopp', true, 'fhartopp20@studiopress.com', 'flhBvdC5K', true, true, '2021-09-20 09:07:26', true);
insert into api_user (username, first_name, last_name, is_owner, email, password, is_staff, is_active, date_joined, is_superuser) values ('blehrle21', 'Bo', 'Lehrle', true, 'blehrle21@paypal.com', 'UUzzr3enl', true, false, '2020-11-27 19:48:03', true);
insert into api_user (username, first_name, last_name, is_owner, email, password, is_staff, is_active, date_joined, is_superuser) values ('gdellorto22', 'Gustaf', 'Dell ''Orto', false, 'gdellorto22@biblegateway.com', '1KgfkPY3qU', false, false, '2021-10-06 04:50:34', false);
insert into api_user (username, first_name, last_name, is_owner, email, password, is_staff, is_active, date_joined, is_superuser) values ('fadlem23', 'Fifine', 'Adlem', false, 'fadlem23@youtu.be', 'egoV1o9', true, true, '2021-04-29 00:40:07', false);
insert into api_user (username, first_name, last_name, is_owner, email, password, is_staff, is_active, date_joined, is_superuser) values ('dblaschke24', 'Dory', 'Blaschke', false, 'dblaschke24@sourceforge.net', 'okiZBE1', false, false, '2021-05-25 08:42:20', false);
insert into api_user (username, first_name, last_name, is_owner, email, password, is_staff, is_active, date_joined, is_superuser) values ('rlacoste25', 'Roze', 'Lacoste', false, 'rlacoste25@stanford.edu', 'm7WPQqL', true, true, '2021-02-02 02:37:31', false);
insert into api_user (username, first_name, last_name, is_owner, email, password, is_staff, is_active, date_joined, is_superuser) values ('ograndham26', 'Onida', 'Grandham', true, 'ograndham26@blogtalkradio.com', 'PGREl9', true, false, '2021-05-20 21:39:07', false);
insert into api_user (username, first_name, last_name, is_owner, email, password, is_staff, is_active, date_joined, is_superuser) values ('nknott27', 'Noland', 'Knott', true, 'nknott27@mac.com', 'ofQW4F8ZPN', false, true, '2021-01-30 19:53:34', true);
insert into api_user (username, first_name, last_name, is_owner, email, password, is_staff, is_active, date_joined, is_superuser) values ('gcowhig28', 'Genovera', 'Cowhig', false, 'gcowhig28@blogtalkradio.com', 'd5AU2cqbZfSo', false, true, '2021-07-02 15:53:35', false);
insert into api_user (username, first_name, last_name, is_owner, email, password, is_staff, is_active, date_joined, is_superuser) values ('wjoel29', 'Wanids', 'Joel', false, 'wjoel29@nationalgeographic.com', 'sKNz5ww', false, true, '2020-12-05 11:53:46', true);
insert into api_user (username, first_name, last_name, is_owner, email, password, is_staff, is_active, date_joined, is_superuser) values ('fgert2a', 'Fredericka', 'Gert', false, 'fgert2a@mayoclinic.com', 'yMv5tNPp', true, true, '2021-04-08 19:13:26', false);
insert into api_user (username, first_name, last_name, is_owner, email, password, is_staff, is_active, date_joined, is_superuser) values ('adraisey2b', 'Agna', 'Draisey', true, 'adraisey2b@npr.org', 'tdRnRklo7Y', false, false, '2021-06-23 01:45:05', false);
insert into api_user (username, first_name, last_name, is_owner, email, password, is_staff, is_active, date_joined, is_superuser) values ('bashment2c', 'Birdie', 'Ashment', true, 'bashment2c@csmonitor.com', 'sYQxJ8CZM', true, false, '2021-01-08 11:32:12', true);
insert into api_user (username, first_name, last_name, is_owner, email, password, is_staff, is_active, date_joined, is_superuser) values ('pbauld2d', 'Philippine', 'Bauld', true, 'pbauld2d@huffingtonpost.com', 'zQqdOaAZQ8', false, true, '2021-08-05 18:18:41', true);
insert into api_user (username, first_name, last_name, is_owner, email, password, is_staff, is_active, date_joined, is_superuser) values ('parrighini2e', 'Pennie', 'Arrighini', true, 'parrighini2e@oaic.gov.au', 'ND4SqR4I4I', true, true, '2020-12-14 18:12:27', false);
insert into api_user (username, first_name, last_name, is_owner, email, password, is_staff, is_active, date_joined, is_superuser) values ('kbispham2f', 'Kynthia', 'Bispham', true, 'kbispham2f@cbsnews.com', 'NwvcufhTkX', true, false, '2021-02-13 05:06:26', true);
insert into api_user (username, first_name, last_name, is_owner, email, password, is_staff, is_active, date_joined, is_superuser) values ('hsemrad2g', 'Hyacinthie', 'Semrad', true, 'hsemrad2g@bloglines.com', 'tCzhLhCSkPU1', false, true, '2021-08-22 05:58:41', false);
insert into api_user (username, first_name, last_name, is_owner, email, password, is_staff, is_active, date_joined, is_superuser) values ('pturn2h', 'Patricia', 'Turn', false, 'pturn2h@senate.gov', 'CrJE9VATywoT', true, true, '2021-01-19 19:50:07', false);
insert into api_user (username, first_name, last_name, is_owner, email, password, is_staff, is_active, date_joined, is_superuser) values ('ttanser2i', 'Trent', 'Tanser', true, 'ttanser2i@live.com', 'PFX8liq', false, false, '2021-06-01 17:22:07', true);
insert into api_user (username, first_name, last_name, is_owner, email, password, is_staff, is_active, date_joined, is_superuser) values ('jmangham2j', 'Jaime', 'Mangham', false, 'jmangham2j@ted.com', 'BJh4ycYLX', false, false, '2021-08-18 22:35:30', true);
insert into api_user (username, first_name, last_name, is_owner, email, password, is_staff, is_active, date_joined, is_superuser) values ('opreece2k', 'Ofilia', 'Preece', true, 'opreece2k@oracle.com', '3fHOdfK5T5t', false, true, '2021-09-02 19:03:11', false);
insert into api_user (username, first_name, last_name, is_owner, email, password, is_staff, is_active, date_joined, is_superuser) values ('lcumberlidge2l', 'Lorette', 'Cumberlidge', false, 'lcumberlidge2l@samsung.com', 'sYOkep13EyF', false, false, '2020-10-30 06:17:48', false);
insert into api_user (username, first_name, last_name, is_owner, email, password, is_staff, is_active, date_joined, is_superuser) values ('clicciardo2m', 'Cleopatra', 'Licciardo', true, 'clicciardo2m@google.es', 'xewNCaxi', true, false, '2021-01-16 07:23:10', true);
insert into api_user (username, first_name, last_name, is_owner, email, password, is_staff, is_active, date_joined, is_superuser) values ('jgallacher2n', 'Jemmy', 'Gallacher', true, 'jgallacher2n@ovh.net', 's2fRkSWtMmPH', false, true, '2021-05-31 11:36:02', true);
insert into api_user (username, first_name, last_name, is_owner, email, password, is_staff, is_active, date_joined, is_superuser) values ('tnorsworthy2o', 'Tuesday', 'Norsworthy', true, 'tnorsworthy2o@tumblr.com', 'tPfpyhmS', true, true, '2020-10-30 05:56:33', true);
insert into api_user (username, first_name, last_name, is_owner, email, password, is_staff, is_active, date_joined, is_superuser) values ('escallon2p', 'Elsworth', 'Scallon', false, 'escallon2p@opera.com', 'xeFi1L4', false, true, '2021-07-08 14:27:10', true);
insert into api_user (username, first_name, last_name, is_owner, email, password, is_staff, is_active, date_joined, is_superuser) values ('rhagan2q', 'Raddy', 'Hagan', true, 'rhagan2q@wordpress.com', 'el8FkE', false, true, '2021-05-19 16:40:36', false);
insert into api_user (username, first_name, last_name, is_owner, email, password, is_staff, is_active, date_joined, is_superuser) values ('lbrettor2r', 'Lurette', 'Brettor', false, 'lbrettor2r@state.tx.us', 'tLjW6HFZdbf', false, false, '2021-05-10 04:35:56', true);



/*Insert value user_id on api_user_profile table*/
insert into api_owner (user_id) values (1);
insert into api_owner (user_id) values (2);
insert into api_owner (user_id) values (3);
insert into api_owner (user_id) values (4);
insert into api_owner (user_id) values (5);
insert into api_owner (user_id) values (6);
insert into api_owner (user_id) values (7);
insert into api_owner (user_id) values (8);
insert into api_owner (user_id) values (9);
insert into api_owner (user_id) values (10);
insert into api_owner (user_id) values (11);
insert into api_owner (user_id) values (12);
insert into api_owner (user_id) values (13);
insert into api_owner (user_id) values (14);
insert into api_owner (user_id) values (15);
insert into api_owner (user_id) values (16);
insert into api_owner (user_id) values (17);
insert into api_owner (user_id) values (18);
insert into api_owner (user_id) values (19);
insert into api_owner (user_id) values (20);
insert into api_owner (user_id) values (21);
insert into api_owner (user_id) values (22);
insert into api_owner (user_id) values (23);
insert into api_owner (user_id) values (24);
insert into api_owner (user_id) values (25);
insert into api_owner (user_id) values (26);
insert into api_owner (user_id) values (27);
insert into api_owner (user_id) values (28);
insert into api_owner (user_id) values (29);
insert into api_owner (user_id) values (30);
insert into api_owner (user_id) values (31);
insert into api_owner (user_id) values (32);
insert into api_owner (user_id) values (33);
insert into api_owner (user_id) values (34);
insert into api_owner (user_id) values (35);
insert into api_owner (user_id) values (36);
insert into api_owner (user_id) values (37);
insert into api_owner (user_id) values (38);
insert into api_owner (user_id) values (39);
insert into api_owner (user_id) values (40);
insert into api_owner (user_id) values (41);
insert into api_owner (user_id) values (42);
insert into api_owner (user_id) values (43);
insert into api_owner (user_id) values (44);
insert into api_owner (user_id) values (45);
insert into api_owner (user_id) values (46);
insert into api_owner (user_id) values (47);
insert into api_owner (user_id) values (48);
insert into api_owner (user_id) values (49);
insert into api_owner (user_id) values (50);
insert into api_owner (user_id) values (51);
insert into api_owner (user_id) values (52);
insert into api_owner (user_id) values (53);
insert into api_owner (user_id) values (54);
insert into api_owner (user_id) values (55);
insert into api_owner (user_id) values (56);
insert into api_owner (user_id) values (57);
insert into api_owner (user_id) values (58);
insert into api_owner (user_id) values (59);
insert into api_owner (user_id) values (60);
insert into api_owner (user_id) values (61);
insert into api_owner (user_id) values (62);
insert into api_owner (user_id) values (63);
insert into api_owner (user_id) values (64);
insert into api_owner (user_id) values (65);
insert into api_owner (user_id) values (66);
insert into api_owner (user_id) values (67);
insert into api_owner (user_id) values (68);
insert into api_owner (user_id) values (69);
insert into api_owner (user_id) values (70);


/*insert values muni_id, idowner_id, lugar, description, calificacion, on api_place table*/
insert into api_place (muni_id, idowner_id, lugar, description, calificacion) values (1, 1, 'Nevado de Santa Isabel', 'El nevado de Santa Isabel es una de las montañas de la cordillera Central de Colombia. Su cima se eleva a 4965 metros sobre el nivel del mar, y marca la frontera entre los departamentos de Risaralda, Tolima y Caldas, siendo el punto más alto del primero.​ ', '5.0');
insert into api_place (muni_id, idowner_id, lugar, description, calificacion) values (2, 2, 'Termales del Machin', 'Este volcán que es llamado Machín, Cerro Machín, Alto Machín y El Hoyo, perteneciente a la cadena volcánica de la Cordillera Central colombiana, se localiza en el departamento del Tolima, en las coordenadas geográficas 4° 29 N y 75° 22 O, a una dista de 17 km al oeste de Ibagué.', '5.0');
insert into api_place (muni_id, idowner_id, lugar, description, calificacion) values (3, 3, 'Termales La Cabaña', 'Los Termales de la Cabaña se encuentran en el municipio de Murillo, en el departamento del Tolima, exactamente en el Parque Nacional Natural Los Nevados, un escenario natural sin igual.', '5.0');
insert into api_place (muni_id, idowner_id, lugar, description, calificacion) values (4, 4, 'Cataratas de Medina', '7 kilómetros de Mariquita, Tolima; se encuentran las Cascadas del río Medina. Un lugar que se ha hecho famoso por sus aguas frescas y cristalinas y por el imponente paisaje que allí se conforma.', '4.0');
insert into api_place (muni_id, idowner_id, lugar, description, calificacion) values (5, 5, 'Toche', 'Toche es un corregimiento del municipio de Ibagué dentro del departamento del Tolima y es donde se encuentra el bosque de Palma de Cera más grande de Colombia y del mundo, además es el árbol nacional del país.', '4.9');
insert into api_place (muni_id, idowner_id, lugar, description, calificacion) values (6, 6, 'Palomar', 'El Palomar es un destino turístico en el Tolima, se encuentra a 2850 metros sobre el nivel del mar, con una temperatura promedio de 14 grados. Reconocido por ser una de las entradas al Parque Nacional Natural de los Nevados', '5.0');
insert into api_place (muni_id, idowner_id, lugar, description, calificacion) values (7, 7, 'Cascadas El Tambor', 'Es un bañadero formado por el represamiento del Río Tuluny, con fines agroindustriales que genera una gran caída de agua, formando un charco profundo, aprovechado por turistas y chaparralunos', '4.8');
insert into api_place (muni_id, idowner_id, lugar, description, calificacion) values (8, 8, 'Ciudad Perdida', 'Un poco más de 200 kilómetros separan a Bogotá de este histórico asentamiento ubicado al norte del departamento del Tolima.', '4.9');
insert into api_place (muni_id, idowner_id, lugar, description, calificacion) values (5, 9, 'El Rancho', 'El rancho tolima es un gran sitio turistico destacado por sus naturales termales y se encuentra ubicado en el camino hacia el nevado del tolima', '4.9');
insert into api_place (muni_id, idowner_id, lugar, description, calificacion) values (3, 10, 'Cascada El Silencio', 'Con una altura de alrededor de 35 metros este atractivo conocido como la Cascada El Silencio, es uno de los lugares más imponentes de esta localidad al norte tolimense.', '4.7');
insert into api_place (muni_id, idowner_id, lugar, description, calificacion) values (5, 9, 'Juntas', 'Juntas está en el Cañón del Combeima, para llegar hay que salir de Ibagué por la ruta del barrio Chapetón, sin embargo la ruta de bus número 48 lo puede llevar.', '4.9');
insert into api_place (muni_id, idowner_id, lugar, description, calificacion) values (5, 9, 'Cascada La Plata', 'La Cascada La Plata en Ibagué es considerada la más alta del Cañón del Combeima, con 490 metros de altura. Una maravilla natural que disfrutarás de conocer.', '4.9');
insert into api_place (muni_id, idowner_id, lugar, description, calificacion) values (5, 5, 'El Mirador de Juntas', 'Allí podrás llenar tus pulmones de aire puro y deleitarte con los sonidos que te brinda la naturaleza. El corregimiento de Juntas te brinda todas las posibilidades para tener un día inolvidable con tu familia y con tus amigos.', '4.5');
insert into api_place (muni_id, idowner_id, lugar, description, calificacion) values (9, 4, 'Cascadas de Payande', 'El corregimiento de Payandé tiene la gran fortuna de contar con un atractivo natural:  Seis cascadas que se caracterizan por su riqueza hídrica y su paisajes naturales, razón por la cual se ha convertido en uno de los lugares favoritos para los Ibaguereños.', '4.7');
insert into api_place (muni_id, idowner_id, lugar, description, calificacion) values (10, 2, 'Represa de Prado', 'Prado es un municipio del departamento de Tolima, ubicado a 2 horas de Ibagué, la capital del departamento, y a 5 horas de Bogotá. Su principal atractivo es la Represa de Hidroprado, ubicada a 15 minutos del municipio y alimentada por las aguas de los ríos Cunday y Negro, de la que nace el río Prado.', '4.6');
insert into api_place (muni_id, idowner_id, lugar, description, calificacion) values (11, 3, 'Laguna de las Garzas', 'Laguna de las Garzas, Roncesvalles, Tolima, Páramo de Anaime.', '4.9');
insert into api_place (muni_id, idowner_id, lugar, description, calificacion) values (5, 3, 'Termales de cañon', 'Ruta que comienza en la vereda de Juntas, ubicada a 24 kilometros, aprox. de la ciudad de Ibagué, y que cuenta con servicio regular de transporte público. la travesía completa comienza a unos 1500 m.s.n.m. y aciende hasta una altura de 4000 m.s.n.m. y se estima que se recorre una distancia de 30 km y se realiza en aproximadamente 14-16 horas de un ascenso permanente.', '4.9');
insert into api_place (muni_id, idowner_id, lugar, description, calificacion) values (12, 11, 'La Cueva del Esplendor', 'La Cueva del Esplendor esta ubicada en lo mas alto de una de las montañas que rodean el pueblo, en el sector conocido como el Alto de Las Flores; para llegar hasta alli, tenemos tres opciones, una es tomar un Jeep desde la terminal del pueblo hasta cierto punto de la montaña, y se debe continuar a pie.', '5.0');
insert into api_place (muni_id, idowner_id, lugar, description, calificacion) values (12, 12, 'Charco Corazon - Cascada del Amor', 'Cascada del Amor es un sendero de ida y vuelta de 4.2 kilómetros localizado cerca de Jardín, Antioquia, Colombia. Tiene una cascada y es bueno para todos los niveles de habilidad. El sendero ofrece una serie de opciones de actividades.', '5.0');
insert into api_place (muni_id, idowner_id, lugar, description, calificacion) values (12, 13, 'Cascada Escalera de Cristal', 'Las caídas de agua de Jardín Antioquia son de las más espectaculares que hay en el mundo. ¡Sobre todo la caída La Escalera! Esta tiene una altura mayor a los 60 metros y se puede dividir en dos etapas.', '5.0');
insert into api_place (muni_id, idowner_id, lugar, description, calificacion) values (13, 14, 'Chorros de Taparto', 'Chorros De Tapartó es un sendero de ida y vuelta de 13.5 kilómetros localizado cerca de Andes, Antioquia, Colombia. Tiene una cascada y es calificado como moderado. El sendero se usa principalmente para hacer senderismo y viajes por la naturaleza.', '5.0');
insert into api_place (muni_id, idowner_id, lugar, description, calificacion) values (12, 15, 'La Cueva de los Guacharos', 'Se encuentra en la parte alta de la quebrada La Salada en la vereda del mismo nombre a cinco kilómetros de la cabecera municipal. Se trata de una cascada que cae entre las montañas que se levantan alrededor de una cueva, donde habitan los Guácharos.', '5.0');
insert into api_place (muni_id, idowner_id, lugar, description, calificacion) values (14, 16, 'Cascada el manto de la virgen', 'Es una bella caída de agua ubicada a 10 kilómetros de Gámbita. Su exuberante belleza ha llamado la atención de turistas de todo el mundo, tanto que ahora es catalogada como uno de los lugares que hay que visitar en Colombia', '5.0');
insert into api_place (muni_id, idowner_id, lugar, description, calificacion) values (15, 17, 'Las ventanas de Tisquizoque', 'Es un sitio turístico por excelencia desde donde se puede observar una encantadora panorámica del municipio. Esta cueva natural recibe el nombre de Ventanas de Tizquizoque porque se pueden atravesar de lado a lado.', '5.0');
insert into api_place (muni_id, idowner_id, lugar, description, calificacion) values (16, 18, 'Las piscinas naturales', 'En esta finca quizá no hay muchas actividades por hacer, más que disfrutar del contacto con la naturaleza y refrescarse en las piscinas de agua natural que ofrece el sitio, respirar aire puro y desconectarse del estrés y día a día de la ciudad.', '5.0');
insert into api_place (muni_id, idowner_id, lugar, description, calificacion) values (17, 19, 'El hoyo de los pájaros', 'Este enigmático paraje mogotano alcanza una profundidad de 98 metros y diámetro de 30. El hoyo de los pájaros es casi que un capricho de la naturaleza que se convirtió en un caverna que alberga en el fondo legendarios y gigantes nidos de los ruidosos pájaros guácharos y aves suramericanas de unos 30 centímetros de largo.', '5.0');
insert into api_place (muni_id, idowner_id, lugar, description, calificacion) values (18, 19, 'Salto de la India', 'Es un alto de dos caídas y aguas frías que le permite fortalecer hábitos de vida saludable, tener contacto con los lugareños y conocer un poco más del departamento.', '5.0');
insert into api_place (muni_id, idowner_id, lugar, description, calificacion) values (19, 20, 'Termales de Santa Rosa de Cabal', 'Los Termales Santa Rosa de Cabal se encuentran ubicados en el municipio que lleva el mismo nombre, a pocos kilometros de Pereira. Se trata de un sitio privilegiado para la recreación y el descanso, con un entorno ecológico único. Ofreces a los visitantes montañas, cascadas y piscinas de agua termal y agua fría, así como rutas ecológicas.', '5.0');
insert into api_place (muni_id, idowner_id, lugar, description, calificacion) values (20, 21, 'Laguna del Otún', 'La laguna del Otún es un embalse natural perteneciente al parque nacional natural Los Nevados, localizado a unos 3950 msnm, en ecosistema de páramo. Formada por la acción volcánica y glaciar, es alimentada principalmente por el deshielo del Nevado de Santa Isabel.', '5.0');
insert into api_place (muni_id, idowner_id, lugar, description, calificacion) values (21, 22, 'Santuario Fauna y Flora Otún Quimbaya', 'Otun quimbaya y toda la región de Ukumari, que se extiende hasta el Parque Nacional Los Nevados, son vastas áreas de bosques andinos con alta biodiversidad y están ubicadas en el corazón de la zona cafetalera de la cordillera central.', '5.0');
insert into api_place (muni_id, idowner_id, lugar, description, calificacion) values (20, 23, 'Parque Tatamá', '51.900 hectáreas de valles, fuertes pendientes y páramos; yarumos, encenillos y algarrobos; tigrillos, dantas y cusumbos. El parque está ubicado al noroccidente de Pereira.', '5.0');
insert into api_place (muni_id, idowner_id, lugar, description, calificacion) values (20, 23, 'Parque Nacional los Nevados', 'Ubicado al este de Risaralda, ofrece un paisaje único de Nevados del Ruiz, Tolima y Santa Isabel, así como la Laguna Otún, cuna del río Otún, que cruza la ciudad de Pereira.', '5.0');
insert into api_place (muni_id, idowner_id, lugar, description, calificacion) values (22, 24, 'Valle de Cocora', 'A tan solo 10 kms de Salento, y 45 minutos de Armenia, la Capital del Departamento del Quindío, encontramos uno de los paisajes mas famosos del Eje Cafetero, y de toda Colombia. Lugar imperdible si desea conocer los principales sitios turisticos en el Quindio.', '5.0');
insert into api_place (muni_id, idowner_id, lugar, description, calificacion) values (22, 25, 'Salento', 'Salento es una municipalidad colombiana en el departamento del Quindío. Considerado el padre del Quindío por ser el pueblo más viejo de este departamento. También se le conoce como el municipio cuna del árbol Nacional Palma de Cera', '5.0');
insert into api_place (muni_id, idowner_id, lugar, description, calificacion) values (23, 26, 'El Jardín Botánico del Quindío', 'El Mariposario del Quindío, en el municipio de Calarcá, en un área de 600 metros cuadrados, es un espacio de conservación, ciencia y diversión. Además de ser el refugio de más de 1500 mariposas, alberga diversas especies de la fauna y la flora colombiana.', '5.0');
insert into api_place (muni_id, idowner_id, lugar, description, calificacion) values (22, 27, 'Parque de la vida', 'Uno de los referentes turísticos de la ciudad de Armenia, es el Parque de la Vida. Localizado al norte de la ciudad, sobre la Avenida Bolívar, principal arteria vehicular, comercial y turística de la capital del Departamento del Quindio.', '5.0');
insert into api_place (muni_id, idowner_id, lugar, description, calificacion) values (23, 28, 'Recuca', 'Recuca es un lugar donde el turista es bienvenido con un café preparado en aguapanela. Allí es transformado en actor. Con traje típico, canasto y machete al cinto comienza un largo recorrido que lo transporta por la historia del grano desde Etiopía, Arabia y Holanda llegando aquí a América.', '5.0');
insert into api_place (muni_id, idowner_id, lugar, description, calificacion) values (24, 29, 'Laguna Comagüeta', 'Está en el municipio de Chitagá a 3 horas de Cúcuta. La laguna está a una altura de 3.432 m.s.n.m a una hora y 30 min del pueblo.', '5.0');
insert into api_place (muni_id, idowner_id, lugar, description, calificacion) values (25, 30, 'Laguna de Cácota', 'Esta a 2.900 m.s.n.m. en el municipio del mismo nombre a 2 hr y 30 min de la capital de Norte de Santander.', '5.0');
insert into api_place (muni_id, idowner_id, lugar, description, calificacion) values (26, 31, 'Mutiscua', 'Está en Mutiscua, en el parque Natural Regional Santurbán. La capital de la trucha Arcoíris está a 2 hr y 30 min de Cúcuta.', '5.0');
insert into api_place (muni_id, idowner_id, lugar, description, calificacion) values (27, 32, 'La Laguna Quelpa', 'Esta belleza natural se encuentra en Cucutilla, Norte de Santander. Para llegar a ella hay que caminar por lo menos 8  u 11 desde al casco urbano del municipio.', '5.0');
insert into api_place (muni_id, idowner_id, lugar, description, calificacion) values (28, 33, 'Laguna Brava', 'Está en Arboledas, “la Fábrica del agua” en la región centro del departamento. El municipio está a 3 horas de “la perla del norte”.', '5.0');
insert into api_place (muni_id, idowner_id, lugar, description, calificacion) values (29, 34, 'Parque la cueva de los Guacharos', 'En límites con el departamento de Caquetá, a lo largo del río Suaza, hay un sistema de cavernas al amparo de la selva virgen.', '5.0');
insert into api_place (muni_id, idowner_id, lugar, description, calificacion) values (30, 35, 'Nevado del Huila', 'Además de sus fastuosos paisajes, el Nevado del Huila posee una inmensa riqueza hídrica compuesta por un sistema de lagunas, arroyos, quebradas y ríos que le tributan sus aguas a la Cuenca del río Magdalena y la Cuenca del río Cauca.', '5.0');
insert into api_place (muni_id, idowner_id, lugar, description, calificacion) values (31, 36, 'Embalse de Betania', 'La Represa o Embalse de Betania está ubicada a 38 Km. de Neiva, en la vía que conduce al municipio de Hobo. Su temmperatura aproximada 27 oC.', '5.0');
insert into api_place (muni_id, idowner_id, lugar, description, calificacion) values (32, 37, 'Cascadas Paicol', 'Paicol, Huila, es un pueblo escondido entre las montañas del sur de Colombia y el río Páez, un lugar que posee un estilo muy especial en sus calles y muchos atractivos naturales con un sello de aventura y paisajismo.', '5.0');
insert into api_place (muni_id, idowner_id, lugar, description, calificacion) values (33, 38, 'Parque Arqueológico de San Agustín', 'Es el mayor testimonio arqueológico del país. es su complejo se encuentran esculturas líticas de la cultura agustiniana, cuenta con caminos terraplenes, sarcófagos monolíticos, dolmenes, la fuente ceremonial del lavapatas, el alto del lavapatas, el museo Luis Duque Gomez, el bosque de las estatuas y las mesitas A, B, C y D.', '5.0');
insert into api_place (muni_id, idowner_id, lugar, description, calificacion) values (34, 39, 'Catedral de Sal', 'La Catedral de Sal es una de las obras de ingeniería más importantes de Colombia; y al mismo tiempo, uno de los principales atractivos turísticos del departamento de Cundinamarca.', '5.0');
insert into api_place (muni_id, idowner_id, lugar, description, calificacion) values (35, 40, 'Laguna de Guatavita', 'Probablemente sea el plan más popular de este pueblo, se trata de una laguna con una gran importancia histórica y una belleza incomparable. Cuando visites la Laguna te recomendamos hacer una visita guiada para que puedas aprender mucho más sobre sus ecosistemas y la importancia del lugar para la Cultura Muisca.', '5.0');
insert into api_place (muni_id, idowner_id, lugar, description, calificacion) values (36, 41, 'Cañón de la Lechuza', 'En la vereda Santa Rosa, de Suesca, el río Bogotá llega de Villapinzón y conforma un pequeño y tranquilo lago rodeado por altas paredes de roca que se conoce como el Cañón de la Lechuza y está ubicado a 45 minutos a pie de la vía que entra al casco urbano del municipio.', '5.0');
insert into api_place (muni_id, idowner_id, lugar, description, calificacion) values (37, 42, 'Quebrada Cune', 'Si quieres un lugar para admirar la belleza de la naturaleza, te recomendamos la Quebrada Cune. Este lugar que baña la población de Villeta, tiene 7 cascadas naturales llamadas Las Cascadas del Mico, siendo el principal atractivo turístico del municipio de Villeta.', '5.0');
insert into api_place (muni_id, idowner_id, lugar, description, calificacion) values (38, 43, 'Parque Arqueológico Piedras del Tunjo', 'El Parque Arqueológico de Facatativá (Piedras del Tunjo) está localizado en el municipio de Facatativá, en el departamento de Cundinamarca. Comprende aproximadamente 27 hectáreas donde se pueden encontrar abrigos rocosos, pintura rupestre y paisajes con gran riqueza ambiental.', '5.0');
insert into api_place (muni_id, idowner_id, lugar, description, calificacion) values (39, 44, 'Parque Natural de los Nevados', 'Si estás en el Departamento de Caldas y amas la naturaleza, ¡aprovecha y visita uno de los nevados de Colombia: el Parque Nacional Los Nevados. Este se extiende por los departamentos de Caldas, Risaralda, Quindío y Tolima.', '5.0');
insert into api_place (muni_id, idowner_id, lugar, description, calificacion) values (40, 45, 'San Félix: La Holanda Caldense', 'Al norte del Departamento de Caldas se encuentra el corregimiento San Félix, uno de los lugares más bellos de la zona. Desde hace varios años se conoce esta locación como ‘La Holanda Caldense’, gracias a sus espectaculares haciendas ganaderas y sus paisajes llenos de Palmas de Cera.', '5.0');
insert into api_place (muni_id, idowner_id, lugar, description, calificacion) values (41, 46, 'Parque Nacional Natural Selva de Florencia', 'es la única área de conservación nacional ubicada en el Oriente del Departamento de Caldas, con un 78% en territorio de Samaná y un 22% de Pensilvania. El parque es una de las zonas más lluviosas del país y alberga la mayor concentración de ranas del país.', '5.0');
insert into api_place (muni_id, idowner_id, lugar, description, calificacion) values (42, 47, 'Aguadas', 'Aguadas, el octavo municipio en extensión del departamento, es un lugar ideal para el descanso de los viajeros. Cuenta con un clima templado gracias a la variedad de pisos térmicos que van del cálido al páramo.', '5.0');
insert into api_place (muni_id, idowner_id, lugar, description, calificacion) values (43, 48, 'Aldea de María', 'Villamaría, fundado en 1852 con el nombre de Aldea de María, se encuentra ubicado en el extremo sur occidental del departamento, en límites con los departamentos de Risaralda y Tolima.', '5.0');
insert into api_place (muni_id, idowner_id, lugar, description, calificacion) values (44, 49, 'Sierra Nevada del Cocuy', 'Este Parque Nacional Natural de 306 mil hectáreas de extensión se encuentra en el centro oriente de la cordillera oriental, entre los departamentos de Boyacá , Arauca  y Casanare .Con una temperatura que oscila entre los 20º Centígrados y -4º Centígrados, el Parque es un sitio único para encontrarse con un tipo de naturaleza diferente ya que se conecta con la cordillera por el occidente y con el llano por el oriente.', '5.0');
insert into api_place (muni_id, idowner_id, lugar, description, calificacion) values (45, 50, 'Patio de Brujas', 'El lugar es un observatorio astronómico construido con tótems de arcilla de forma fálica, formando un anillo en torno un tótem central, los once tótems mayores marcan la salida del sol durante los solsticios y equinoccios, los tótems menores se utilizan para la medición de los movimientos de la luna, los tótems están decorados con iconografía prehispánica de culturas como la Tolima, Sinú, Muisca, Maya, Inca, y Nazca entre otras.', '5.0');
insert into api_place (muni_id, idowner_id, lugar, description, calificacion) values (46, 51, 'Santuario de Fauna y Flora Iguaque', 'Creado en 1.977, es una de las 46 áreas Naturales del país, ubicada a 2.400 a 3.800 mts sobre el nivel del mar, clima frío, 12 grados de temperatura, con una extensión de 6.750 hectáreas.', '5.0');
insert into api_place (muni_id, idowner_id, lugar, description, calificacion) values (47, 52, 'Laguna Careperro', 'Este hermoso lugar se encuentra ubicado en la cima del Monte Careperro, una vez allí y después de haber cruzado un sendero de casi tres horas de camino usted se encontrará a 3.600 metros sobre el nivel del mar.', '5.0');
insert into api_place (muni_id, idowner_id, lugar, description, calificacion) values (48, 53, 'Laguna de Tota', 'El Lago o Laguna de Tota, es el más grande de Colombia y el tercero en Suramérica, siendo uno de los recursos hidrológicos más importantes del país, no sólo por los usos que se le dan a sus aguas, sino por la riqueza paisajística que de manera permanente ofrece', '5.0');






/*Insert name on api_activity table*/
insert into api_activity (name) values ('Acampar');
insert into api_activity (name) values ('Ciclomontañismo');
insert into api_activity (name) values ('Senderismo');
insert into api_activity (name) values ('Montañismo');




/*Inser idplace_id, idactivity_id on api_activity_place table*/
insert into api_place_activity (idplace_id, idactivity_id, img, img2) values (1,4, '/imgs/places/tolima/17.png', '/imgs/icons/mountain.png');
insert into api_place_activity (idplace_id, idactivity_id, img, img2)values (2,4, '/imgs/places/tolima/9.png', '/imgs/icons/mountain.png');
insert into api_place_activity (idplace_id, idactivity_id, img, img2)values (3,4, '/imgs/places/tolima/12.png', '/imgs/icons/mountain.png');
insert into api_place_activity (idplace_id, idactivity_id, img, img2)values (4,3, '/imgs/places/tolima/1.png', '/imgs/icons/adventurer.png');
insert into api_place_activity (idplace_id, idactivity_id, img, img2)values (5,4, '/imgs/places/tolima/19.png', '/imgs/icons/adventurer.png');
insert into api_place_activity (idplace_id, idactivity_id, img, img2)values (6,3, '/imgs/places/tolima/13.png', '/imgs/icons/mountain.png');
insert into api_place_activity (idplace_id, idactivity_id, img, img2) values (7,3, '/imgs/places/tolima/2.png', '/imgs/icons/adventurer.png');
insert into api_place_activity (idplace_id, idactivity_id, img, img2) values (8,4, '/imgs/places/tolima/3.png', '/imgs/icons/adventurer.png');
insert into api_place_activity (idplace_id, idactivity_id, img, img2) values (9,4, '/imgs/places/tolima/4.png', '/imgs/icons/mountain.png');
insert into api_place_activity (idplace_id, idactivity_id, img, img2)values (10,3, '/imgs/places/tolima/5.png', '/imgs/icons/mountain.png');
insert into api_place_activity (idplace_id, idactivity_id, img, img2)values (11,3, '/imgs/places/tolima/7.png', '/imgs/icons/adventurer.png');
insert into api_place_activity (idplace_id, idactivity_id, img, img2)values (12,3, '/imgs/places/tolima/8.png', '/imgs/icons/adventurer.png');
insert into api_place_activity (idplace_id, idactivity_id, img, img2)values (13,3, '/imgs/places/tolima/11.png', '/imgs/icons/adventurer.png');
insert into api_place_activity (idplace_id, idactivity_id, img, img2)values (14,3, '/imgs/places/tolima/14.png', '/imgs/icons/adventurer.png');
insert into api_place_activity (idplace_id, idactivity_id, img, img2)values (15,4, '/imgs/places/tolima/15.png', '/imgs/icons/adventurer.png');
insert into api_place_activity (idplace_id, idactivity_id, img, img2)values (16,4, '/imgs/places/tolima/16.png', '/imgs/icons/mountain.png');
insert into api_place_activity (idplace_id, idactivity_id, img, img2)values (17,3, '/imgs/places/tolima/18.png', '/imgs/icons/mountain.png');
insert into api_place_activity (idplace_id, idactivity_id, img, img2)values (18,4, '/imgs/places/antioquia/1.png', '/imgs/icons/adventurer.png');
insert into api_place_activity (idplace_id, idactivity_id, img, img2)values (19,3, '/imgs/places/antioquia/2.png', '/imgs/icons/mountain.png');
insert into api_place_activity (idplace_id, idactivity_id, img, img2)values (20,4, '/imgs/places/antioquia/3.png', '/imgs/icons/adventurer.png');
insert into api_place_activity (idplace_id, idactivity_id, img, img2)values (21,4, '/imgs/places/antioquia/4.png', '/imgs/icons/mountain.png');
insert into api_place_activity (idplace_id, idactivity_id, img, img2)values (22,4, '/imgs/places/antioquia/5.png', '/imgs/icons/mountain.png');
insert into api_place_activity (idplace_id, idactivity_id, img, img2)values (23,4, '/imgs/places/santander/1.png', '/imgs/icons/mountain.png');
insert into api_place_activity (idplace_id, idactivity_id, img, img2)values (24,3, '/imgs/places/santander/2.png', '/imgs/icons/mountain.png');
insert into api_place_activity (idplace_id, idactivity_id, img, img2)values (25,3, '/imgs/places/santander/3.png', '/imgs/icons/adventurer.png');
insert into api_place_activity (idplace_id, idactivity_id, img, img2)values (26,4, '/imgs/places/santander/4.png', '/imgs/icons/adventurer.png');
insert into api_place_activity (idplace_id, idactivity_id, img, img2)values (27,4, '/imgs/places/santander/5.png', '/imgs/icons/mountain.png');
insert into api_place_activity (idplace_id, idactivity_id, img, img2)values (28,4, '/imgs/places/risaralda/1.png', '/imgs/icons/mountain.png');
insert into api_place_activity (idplace_id, idactivity_id, img, img2)values (29,4, '/imgs/places/risaralda/2.png', '/imgs/icons/mountain.png');
insert into api_place_activity (idplace_id, idactivity_id, img, img2)values (30,3, '/imgs/places/risaralda/3.png', '/imgs/icons/adventurer.png');
insert into api_place_activity (idplace_id, idactivity_id, img, img2)values (31,3, '/imgs/places/risaralda/4.png', '/imgs/icons/adventurer.png');
insert into api_place_activity (idplace_id, idactivity_id, img, img2)values (32,4, '/imgs/places/risaralda/5.png', '/imgs/icons/mountain.png');
insert into api_place_activity (idplace_id, idactivity_id, img, img2)values (33,4, '/imgs/places/quindio/1.png', '/imgs/icons/mountain.png');
insert into api_place_activity (idplace_id, idactivity_id, img, img2)values (34,3, '/imgs/places/quindio/5.png', '/imgs/icons/adventurer.png');
insert into api_place_activity (idplace_id, idactivity_id, img, img2)values (35,4, '/imgs/places/quindio/2.png', '/imgs/icons/mountain.png');
insert into api_place_activity (idplace_id, idactivity_id, img, img2)values (36,3, '/imgs/places/quindio/3.png', '/imgs/icons/adventurer.png');
insert into api_place_activity (idplace_id, idactivity_id, img, img2)values (37,3, '/imgs/places/quindio/4.png', '/imgs/icons/adventurer.png');
insert into api_place_activity (idplace_id, idactivity_id, img, img2)values (38,4, '/imgs/places/nortesantander/1.png', '/imgs/icons/mountain.png');
insert into api_place_activity (idplace_id, idactivity_id, img, img2)values (39,4, '/imgs/places/nortesantander/2.png', '/imgs/icons/mountain.png');
insert into api_place_activity (idplace_id, idactivity_id, img, img2)values (40,3, '/imgs/places/nortesantander/3.png', '/imgs/icons/adventurer.png');
insert into api_place_activity (idplace_id, idactivity_id, img, img2)values (41,4, '/imgs/places/nortesantander/4.png', '/imgs/icons/mountain.png');
insert into api_place_activity (idplace_id, idactivity_id, img, img2)values (42,3, '/imgs/places/nortesantander/5.png', '/imgs/icons/adventurer.png');
insert into api_place_activity (idplace_id, idactivity_id, img, img2)values (43,4, '/imgs/places/huila/1.png', '/imgs/icons/mountain.png');
insert into api_place_activity (idplace_id, idactivity_id, img, img2)values (44,4, '/imgs/places/huila/2.png', '/imgs/icons/mountain.png');
insert into api_place_activity (idplace_id, idactivity_id, img, img2)values (45,3, '/imgs/places/huila/3.png', '/imgs/icons/adventurer.png');
insert into api_place_activity (idplace_id, idactivity_id, img, img2)values (46,4, '/imgs/places/huila/4.png', '/imgs/icons/mountain.png');
insert into api_place_activity (idplace_id, idactivity_id, img, img2)values (47,3, '/imgs/places/huila/5.png', '/imgs/icons/adventurer.png');
insert into api_place_activity (idplace_id, idactivity_id, img, img2)values (48,3, '/imgs/places/cundinamarca/1.png', '/imgs/icons/adventurer.png');
insert into api_place_activity (idplace_id, idactivity_id, img, img2)values (49,4, '/imgs/places/cundinamarca/2.png', '/imgs/icons/mountain.png');
insert into api_place_activity (idplace_id, idactivity_id, img, img2)values (50,3, '/imgs/places/cundinamarca/3.png', '/imgs/icons/adventurer.png');
insert into api_place_activity (idplace_id, idactivity_id, img, img2)values (51,3, '/imgs/places/cundinamarca/4.png', '/imgs/icons/adventurer.png');
insert into api_place_activity (idplace_id, idactivity_id, img, img2)values (52,4, '/imgs/places/cundinamarca/5.png', '/imgs/icons/mountain.png');
insert into api_place_activity (idplace_id, idactivity_id, img, img2)values (53,4, '/imgs/places/caldas/1.png', '/imgs/icons/mountain.png');
insert into api_place_activity (idplace_id, idactivity_id, img, img2)values (54,4, '/imgs/places/caldas/2.png', '/imgs/icons/mountain.png');
insert into api_place_activity (idplace_id, idactivity_id, img, img2)values (55,4, '/imgs/places/caldas/4.png', '/imgs/icons/mountain.png');
insert into api_place_activity (idplace_id, idactivity_id, img, img2)values (56,3, '/imgs/places/caldas/3.png', '/imgs/icons/adventurer.png');
insert into api_place_activity (idplace_id, idactivity_id, img, img2)values (57,3, '/imgs/places/caldas/5.png', '/imgs/icons/adventurer.png');
insert into api_place_activity (idplace_id, idactivity_id, img, img2)values (58,4, '/imgs/places/boyaca/1.png', '/imgs/icons/mountain.png');
insert into api_place_activity (idplace_id, idactivity_id, img, img2)values (59,3, '/imgs/places/boyaca/2.png', '/imgs/icons/adventurer.png');
insert into api_place_activity (idplace_id, idactivity_id, img, img2)values (60,3, '/imgs/places/boyaca/3.png', '/imgs/icons/adventurer.png');
insert into api_place_activity (idplace_id, idactivity_id, img, img2)values (61,3, '/imgs/places/boyaca/4.png', '/imgs/icons/adventurer.png');
insert into api_place_activity (idplace_id, idactivity_id, img, img2)values (62,3, '/imgs/places/boyaca/5.png', '/imgs/icons/adventurer.png');




